country,continent,year,lifeExp,pop,gdpPercap
China,Asia,1952,44,556263527,400.448611
China,Asia,1957,50.54896,637408000,575.9870009
China,Asia,1962,44.50136,665770000,487.6740183
China,Asia,1967,58.38112,754550000,612.7056934
