country,continent,year,lifeExp,pop,gdpPercap
India,Asia,1952,37.373,372000000,546.5657493
India,Asia,1957,40.249,409000000,590.061996
India,Asia,1962,43.605,454000000,658.3471509
India,Asia,1967,47.193,506000000,700.7706107
