country,continent,year,lifeExp,pop,gdpPercap
Japan,Asia,1952,63.03,86459025,3216.956347
Japan,Asia,1957,65.5,91563009,4317.694365
Japan,Asia,1962,68.73,95831757,6576.649461
Japan,Asia,1967,71.43,100825279,9847.788607
