country,continent,year,lifeExp,pop,gdpPercap
Nepal,Asia,1952,36.157,9182536,545.8657229
Nepal,Asia,1957,37.686,9682338,597.9363558
Nepal,Asia,1962,39.393,10332057,652.3968593
Nepal,Asia,1967,41.472,11261690,676.4422254
